{
  "notifications": [
    {
      "title": "Repo: <small>Branch details has been created successfully</small>",
      "subTitle": "Mark Peter 22-06-2022 15:03" 
    },
    {
      "title": "Pipelines: <small>Task Group entity has been failed</small>",
      "subTitle": "Edvin Jefferson 22-06-2022 14:00"
    }
  ],
  "comments": [{ "id": 1, "body": "some comment", "postId": 1 }],
  "profile": { "name": "typicode" },
  "popupTitle": [
    { "title": "Repos", "contentElement": ["Branch", "Tags", "Pull Request"] },
    {
      "title": "Pipeline (Classic & YAML)",
      "contentElement": [
        "Variable Groups",
        "Task Group",
        "Release",
        "Pipeline Environments",
        "Deployment group"
      ]
    },
    { "title": "Builds", "contentElement": [""] },
    { "title": "Artifacts Selection", "contentElement": [""] },
    {
      "title": "Work Item",
      "contentElement": [
        "Epics",
        "Feature",
        "User Story",
        "Tasks",
        "Test Suites",
        "Issues",
        "Test Cases",
        "Test Plans",
        "Test Runs",
        "Test Configuration",
        "Shared Steps",
        "Shared Parameters",
        "Code Review Requests",
        "Code Responses",
        "Feedback Requests",
        "Feedback Responses"
      ]
    },
    {
      "title": "Service Connection",
      "contentElement": [""]
    },
    {
      "title": "Deployment Groups",
      "contentElement": [""]
    },
    {
      "title": "WIkIs",
      "contentElement": [""]
    },
    {
      "title": "Dashboards",
      "contentElement": [""]
    },
    {
      "title": "Work item – Queries",
      "contentElement": [""]
    },
    {
      "title": "Commits",
      "contentElement": [""]
    },
    {
      "title": "Shared Queries",
      "contentElement": [""]
    },
    {
      "title": "Plugins/extensions from Market place",
      "contentElement": [""]
    },
    {
      "title": "Boards",
      "contentElement": [""]
    },
    {
      "title": "Permission User & Groups",
      "contentElement": [""]
    }
  ],
  "menuElement": [
    {
      "routerLink": "/ado-vault.dashboard",
      "icon": "dashboard",
      "title": "Dashboard",
      "submenu": []
    },
    {
      "routerLink": "/ado-vault.backup",
      "icon": "view_agenda",
      "title": "Backup",
      "submenu": []
    },
    {
      "routerLink": "/ado-vault.restore",
      "icon": "restore",
      "title": "Restore",
      "submenu": []
    },
    {
      "routerLink": ".",
      "icon": "person",
      "title": "User Management",
      "submenu": []
    },
    {
      "routerLink": ".",
      "icon": "receipt",
      "title": "Reports",
      "submenu": [
        {
          "routerLink": "/ado-vault.backup",
          "icon": "Backup",
          "title": "Backup"
        }
      ]
    },
    {
      "routerLink": ".",
      "icon": "settings",
      "title": "Settings",
      "submenu": [
        {
          "routerLink": ".",
          "icon": "Role",
          "title": "Role"
        },
        {
          "routerLink": ".",
          "icon": "Entity",
          "title": "Entity"
        },
        {
          "routerLink": ".",
          "icon": "Storage",
          "title": "Storage"
        },
        {
          "routerLink": ".",
          "icon": "Integration",
          "title": "Integration"
        },
        {
          "routerLink": ".",
          "icon": "Notification",
          "title": "Notification"
        },
        {
          "routerLink": ".",
          "icon": "Company",
          "title": "Company"
        }
      ]
    }
  ],
  "titleData": [
    {
      "id": 1,
      "status": "Total Tasks",
      "BackupCount": 95,
      "RestoreCount": 82,
      "class":  "total"
    },
    {
      "id": 2,
      "status": "Total Successful",
      "BackupCount": 25,
      "RestoreCount": 52,
      "class":  "success"
    },
    {
      "id": 1,
      "status": "Total Running",
      "BackupCount": 15,
      "RestoreCount": 82,
      "class":  "running"      
    },
    {
      "id": 1,
      "status": "Total Failed",
      "BackupCount": 5,
      "RestoreCount": 2,
      "class":  "failed"
    }
  ],
  "getBackupDetails": [
    {
      "Entity": "WorK Item <br> <small>UI-Design</small>",
      "Subentity": "Epics",
      "Initiated At": "22-06-2022 <br> <small class='time'>19:22</small>",
      "Completed At": "22-06-2022 <br> <small class='time'>19:32</small>",
      "Status": "<span class='text-warning'>Running</span>",
      "Action": ""
    },
    {
      "Entity": "Repo <br> <small>ADO-BCP-API</small>",
      "Subentity": "Branch",
      "Initiated At": "22-06-2022 <br> <small class='time'>15:05</small>",
      "Completed At": "22-06-2022 <br> <small class='time'>15:20</small>",
      "Status": "<span class='text-success'>Successful</span>",
      "Action": ""
    },
    {
      "Entity": "Pipeline <br> <small>Database Pipeline</small>",
      "Subentity": "Task Group",
      "Initiated At": "22-06-2022 <br> <small class='time'>14:00</small>",
      "Completed At": "22-06-2022 <br> <small class='time'>14:10</small>",
      "Status": "<span class='text-danger'>Failed</span>",
      "Action": ""
    }
  ],
  "getRestoreDetails":[
    {
      "Entity": "Restore WorK Item <br> <small>UI-Design</small>",
      "Subentity": "Epics",
      "Initiated At": "22-06-2022 <br> <small class='time'>19:22</small>",
      "Completed At": "22-06-2022 <br> <small class='time'>19:32</small>",
      "Status": "<span class='text-warning'>Running</span>",
      "Action": ""
    },
    {
      "Entity": "Restore Repo <br> <small>ADO-BCP-API</small>",
      "Subentity": "Branch",
      "Initiated At": "22-06-2022 <br> <small class='time'>15:05</small>",
      "Completed At": "22-06-2022 <br> <small class='time'>15:20</small>",
      "Status": "<span class='text-success'>Successful</span>",
      "Action": ""
    },
    {
      "Entity": " Restore Pipeline <br> <small>Database Pipeline</small>",
      "Subentity": "Task Group",
      "Initiated At": "22-06-2022 <br> <small class='time'>14:00</small>",
      "Completed At": "22-06-2022 <br> <small class='time'>14:10</small>",
      "Status": "<span class='text-danger'>Failed</span>",
      "Action": ""
    }
  ],
  "ddlProjectData": [
    {
      "key":"Project 1",
      "value":"option1"
    },{
      "key":"Project 2",
      "value":"option2"
  
    }
  ],  
  "ddlPeriodData": [
    {
      "key":"Last 24 Hours",
      "value":"option1"
    },{
      "key":"30 Days",
      "value":"option2"
  
    },{
      "key":"60 Days",
      "value":"option3"
  
    },{
      "key":"90 Days",
      "value":"option4"
  
    },{
      "key":"All",
      "value":"option5"
  
    }
  ],
  "restoreDetailsa":[
    {"onDemand":
     [{
      "Entity": "Restore WorK Item <br> <small>UI-Design</small>",
      "Subentity": "Epics",
      "Initiated At": "22-06-2022 <br> <small class='time'>19:22</small>",
      "Completed At": "22-06-2022 <br> <small class='time'>19:32</small>",
      "Status": "<span class='text-warning'>Running</span>",
      "Action": ""
    },
    {
      "Entity": "Restore Repo <br> <small>ADO-BCP-API</small>",
      "Subentity": "Branch",
      "Initiated At": "22-06-2022 <br> <small class='time'>15:05</small>",
      "Completed At": "22-06-2022 <br> <small class='time'>15:20</small>",
      "Status": "<span class='text-success'>Successful</span>",
      "Action": ""
    },
    {
      "Entity": " Restore Pipeline <br> <small>Database Pipeline</small>",
      "Subentity": "Task Group",
      "Initiated At": "22-06-2022 <br> <small class='time'>14:00</small>",
      "Completed At": "22-06-2022 <br> <small class='time'>14:10</small>",
      "Status": "<span class='text-danger'>Failed</span>",
      "Action": ""
    }]},
    {"schedule":
    [{
     "Entity": "Schedule WorK Item <br> <small>UI-Design</small>",
     "Subentity": "Epics",
     "Initiated At": "22-06-2022 <br> <small class='time'>19:22</small>",
     "Completed At": "22-06-2022 <br> <small class='time'>19:32</small>",
     "Status": "<span class='text-warning'>Running</span>",
     "Action": ""
   },
   {
     "Entity": "Schedule Repo <br> <small>ADO-BCP-API</small>",
     "Subentity": "Branch",
     "Initiated At": "22-06-2022 <br> <small class='time'>15:05</small>",
     "Completed At": "22-06-2022 <br> <small class='time'>15:20</small>",
     "Status": "<span class='text-success'>Successful</span>",
     "Action": ""
   },
   {
     "Entity": " Restore Pipeline <br> <small>Database Pipeline</small>",
     "Subentity": "Task Group",
     "Initiated At": "22-06-2022 <br> <small class='time'>14:00</small>",
     "Completed At": "22-06-2022 <br> <small class='time'>14:10</small>",
     "Status": "<span class='text-danger'>Failed</span>",
     "Action": ""
   }]}
   
  ]
}
